".recordid",".record_timestamp",".fields.extractiondatetime",".fields.zipcode",".fields.municipality"
"529aff81bf490eb576aa2ad096cc16be8f576d69",,"2026-01-25T13:50:00+00:00","3080-511","Figueira da Foz"
"f63811da493f903de4420834415b158c7470ac7c",,"2026-01-25T13:50:00+00:00","4430-137","Vila Nova de Gaia"
"4cce19807007a32978ded2373fc3edd7949a8589",,"2026-01-25T13:50:00+00:00","4430-300","Vila Nova de Gaia"
"438ac9c3dd052da2665ba5cac02f974b65ce1869",,"2026-01-25T13:50:00+00:00","4430-399","Vila Nova de Gaia"
"61c360949b6f75f857a464bae6822dca361fc9a3",,"2026-01-25T13:50:00+00:00","4430-400","Vila Nova de Gaia"
"edfa1f37cddb3bf98fbb4477f7bee61c551d4409",,"2026-01-25T13:50:00+00:00","4430-556","Vila Nova de Gaia"
"8ec1f2beb7080cead2b206d38290b830dd4a498e",,"2026-01-25T13:50:00+00:00","7005-144","Évora"
"d88817173ef53aacde8e681aaed27b1d22596ad1",,"2026-01-25T13:50:00+00:00","4430-122","Vila Nova de Gaia"
"b838b80249b6edab075f6f42feb50233b6a0291a",,"2026-01-25T13:50:00+00:00","4430-124","Vila Nova de Gaia"
"b08ecf2f8e06351c3bebbecb0cdc99cc7b80ddeb",,"2026-01-25T13:50:00+00:00","4430-280","Vila Nova de Gaia"
"34e9414c91e8e75940468544fcef15d831aa274a",,"2026-01-25T13:50:00+00:00","4430-292","Vila Nova de Gaia"
"f61933072fc313633496c212cf7ece2f2ac20c6c",,"2026-01-25T13:50:00+00:00","4430-373","Vila Nova de Gaia"
"149ac364152cedd394fc1b1ca9003142cf0a756e",,"2026-01-25T13:50:00+00:00","4430-411","Vila Nova de Gaia"
"8d80c0226d9e7f314cde15e9d1c72118563da65d",,"2026-01-25T13:50:00+00:00","8200-091","Albufeira"
"9d279be23f96f2d6f1f1394150ef2c32c04cce7c",,"2026-01-25T13:50:00+00:00","4430-363","Vila Nova de Gaia"
"6e8740c751adf09debbf884d5666f26c40888551",,"2026-01-25T13:50:00+00:00","7005-169","Évora"
